No.,Symbol,Company Name,Market Cap,Stock Price,% Change,Revenue
1,AAPL,Apple Inc,3405396928000,222.08,1.50%,381623000000
2,MSFT,Microsoft Corporation,3109306788096,418.35,-1.08%,245122000000
3,NVDA,NVIDIA Corporation,2878692000000,117.02,12.81%,79774000000
4,GOOGL,Alphabet Inc.,2120699367232,171.54,0.73%,328284000000
5,AMZN,"Amazon.com, Inc.",1945826068000,186.98,2.90%,590740000000
6,META,"Meta Platforms, Inc.",1204422534186,474.83,2.51%,142711000000
7,BRK-B,Berkshire Hathaway Inc.,945591531981,438.50,-0.63%,368958000000
8,LLY,Eli Lilly and Company,764382229350,804.27,1.78%,35932100000
9,TSM,Taiwan Semiconductor Manufacturing Company Limited,751917257805,165.80,7.29%,70201532604
10,AVGO,Broadcom Inc.,747946118400,160.68,11.96%,42619000000
11,TSLA,"Tesla, Inc.",741380104800,232.07,4.24%,95318000000
12,JPM,JPMorgan Chase & Co.,611091376000,212.80,-1.11%,161689000000
13,NVO,Novo Nordisk A/S,589495565226,132.63,2.63%,35346309696
14,WMT,Walmart Inc.,552108585600,68.64,-0.79%,657332000000
15,XOM,Exxon Mobil Corporation,531986438700,118.59,0.36%,341101000000
16,UNH,UnitedHealth Group Incorporated,530289021600,576.16,-0.03%,379487000000
17,V,Visa Inc.,524939198875,265.67,0.98%,34918000000
18,MA,Mastercard Incorporated,427758563700,463.71,3.63%,26390000000
19,ORCL,Oracle Corporation,384304677000,139.45,2.79%,52961000000
20,JNJ,Johnson & Johnson,379982834000,157.85,-2.16%,78713000000
21,PG,The Procter & Gamble Company,379416106400,160.76,-0.58%,84060000000
22,ASML,ASML Holding N.V.,368518521348,936.70,8.89%,27357849462
23,HD,"The Home Depot, Inc.",365072610240,368.16,1.23%,151830000000
24,COST,Costco Wholesale Corporation,364421370000,822.00,1.48%,253695000000
25,ABBV,AbbVie Inc.,327251028400,185.32,-0.78%,54403000000
26,BAC,Bank of America Corporation,315239114700,40.31,-2.35%,98141000000
27,CVX,Chevron Corporation,295741395900,160.47,0.56%,198872000000
28,KO,The Coca-Cola Company,287640723800,66.74,-1.39%,46465000000
29,MRK,"Merck & Co., Inc.",286536795300,113.13,-1.84%,61402000000
30,NFLX,"Netflix, Inc.",269665827750,628.35,0.93%,36304243000
31,TM,Toyota Motor Corporation,260691847575,193.55,0.23%,297855515192
32,CRM,"Salesforce, Inc.",250777200000,258.80,0.34%,35743000000
33,SAP,SAP SE,246831400000,211.60,2.34%,35230534212
34,AZN,AstraZeneca PLC,245407741000,79.15,1.60%,49133000000
35,ADBE,Adobe Inc.,244601610000,551.65,2.40%,20429000000
36,PEP,"PepsiCo, Inc.",237174331900,172.67,-0.29%,92054000000
37,SHEL,Shell plc,234911359900,73.22,1.74%,323183000000
38,TMO,Thermo Fisher Scientific Inc.,234121691440,613.34,-0.28%,42492000000
39,AMD,"Advanced Micro Devices, Inc.",233524468800,144.48,4.36%,22800000000
40,NVS,Novartis AG,218109085366,111.48,-0.40%,48860000000
41,LIN,Linde plc,218004706000,453.50,0.59%,32761000000
42,TMUS,"T-Mobile US, Inc.",213604818000,182.28,3.95%,78520000000
43,ACN,Accenture plc,207095078080,330.62,0.43%,64475845000
44,WFC,Wells Fargo & Company,206878228800,59.34,-1.12%,82731000000
45,QCOM,QUALCOMM Incorporated,201940200000,180.95,8.39%,36406000000
46,DHR,Danaher Corporation,200110778040,277.08,0.69%,21105000000
47,CSCO,"Cisco Systems, Inc.",195195844500,48.45,0.64%,55364000000
48,MCD,McDonald's Corporation,191269002800,265.40,-0.39%,25764900000
49,TXN,Texas Instruments Incorporated,186087905260,203.81,2.06%,16092000000
50,GE,GE Aerospace,184549562000,170.20,1.62%,61916000000
51,ABT,Abbott Laboratories,184296402200,105.94,0.59%,40326000000
52,INTU,Intuit Inc.,180964750450,647.35,1.82%,15813000000
53,AXP,American Express Company,179889172480,253.04,0.22%,58107000000
54,PM,Philip Morris International Inc.,179050768000,115.16,0.40%,36449000000
55,AMGN,Amgen Inc.,178348544118,332.47,-0.24%,29532000000
56,IBM,International Business Machines Corporation,176500380420,192.14,0.58%,62070000000
57,AMAT,"Applied Materials, Inc.",175696295000,212.20,7.86%,26501000000
58,PFE,Pfizer Inc.,173057658600,30.54,-2.71%,55094000000
59,BX,Blackstone Inc.,172813814469,142.15,0.57%,10328824000
60,DIS,The Walt Disney Company,170800617600,93.69,-0.11%,89203000000
61,VZ,Verizon Communications Inc.,170569750400,40.52,1.20%,134243000000
62,CAT,Caterpillar Inc.,169310148600,346.20,1.31%,66997000000
63,BABA,Alibaba Group Holding Limited,168995438572,78.85,1.09%,130717777778
64,NOW,"ServiceNow, Inc.",167764340000,814.39,1.95%,9955000000
65,MS,Morgan Stanley,167732763600,103.21,0.36%,54762000000
66,HSBC,HSBC Holdings plc,167218443000,45.15,3.72%,66058000000
67,PDD,PDD Holdings Inc.,164419700497,128.89,4.65%,41224196389
68,GS,"The Goldman Sachs Group, Inc.",164143849920,509.03,0.66%,48243000000
69,CMCSA,Comcast Corporation,159428486200,41.27,1.13%,121114000000
70,ISRG,"Intuitive Surgical, Inc.",157993941940,444.61,2.75%,7572500000
71,RY,Royal Bank of Canada,157799228000,111.74,0.54%,39966666667
72,NEE,"NextEra Energy, Inc.",157008186500,76.39,2.84%,25850000000
73,TTE,TotalEnergies SE,156564250054,67.78,0.31%,212944000000
74,RTX,RTX Corp,156289897600,117.49,0.52%,72417000000
75,UL,Unilever PLC,152988789740,61.40,0.56%,64831182796
76,SPGI,S&P Global Inc.,151672017000,484.73,-0.77%,13276000000
77,ARM,Arm Holdings plc,151066406551,144.17,8.43%,3233000000
78,UNP,Union Pacific Corporation,150307422540,246.73,0.53%,24138000000
79,HDB,HDFC Bank Limited,146141156221,60.01,0.17%,22242005999
80,BHP,BHP Group Limited,140771832545,55.53,2.62%,55336000000
81,LOW,"Lowe's Companies, Inc.",139900190850,245.51,1.70%,85393000000
82,T,AT&T Inc.,138027120000,19.25,1.42%,122197000000
83,MUFG,"Mitsubishi UFJ Financial Group, Inc.",135820441602,11.62,5.35%,30790694864
84,UBER,"Uber Technologies, Inc.",134711354400,64.47,2.19%,38589000000
85,HON,Honeywell International Inc.,133020137250,204.75,1.04%,37334000000
86,INTC,Intel Corporation,130860180000,30.74,2.02%,55237000000
87,BLK,"BlackRock, Inc.",129897300000,876.50,0.45%,18344000000
88,SNY,Sanofi,129864873600,51.81,0.23%,50964516129
89,COP,Conoco Phillips,129471272000,111.20,1.17%,57533000000
90,LMT,Lockheed Martin Corporation,129170967360,541.92,0.79%,71069000000
91,VRTX,Vertex Pharmaceuticals Incorporated,127922033160,495.72,-1.37%,10185000000
92,TJX,"The TJX Companies, Inc.",127729553000,113.02,-0.19%,54913000000
93,BKNG,Booking Holdings Inc.,126041001775,3715.01,-0.16%,22002000000
94,PGR,The Progressive Corporation,125409655760,214.12,-0.72%,65047800000
95,SYK,Stryker Corporation,124742077500,327.45,-0.84%,20963000000
96,C,Citigroup Inc.,123754707200,64.88,-1.50%,78119000000
97,ELV,Elevance Health Inc.,123370308580,532.03,-0.79%,171959000000
98,ETN,Eaton Corporation plc,121855042000,304.79,6.11%,23656000000
99,BUD,Anheuser-Busch InBev SA/NV,121789719797,59.50,-0.13%,59380000000
100,MU,"Micron Technology, Inc.",121772808800,109.82,7.08%,21371000000
101,LRCX,Lam Research Corporation,120443838840,921.24,7.77%,14241136000
102,BA,The Boeing Company,117309153800,190.60,2.00%,73557000000
103,REGN,"Regeneron Pharmaceuticals, Inc.",116948582730,1079.19,0.13%,13100100000
104,PLD,"Prologis, Inc.",116711081550,126.05,-0.03%,7768486000
105,SCHW,The Charles Schwab Corporation,115860883200,65.19,0.43%,18461000000
106,ADI,"Analog Devices, Inc.",114814689460,231.38,3.03%,10464722000
107,NKE,"NIKE, Inc.",112249714390,74.86,0.73%,51362000000
108,UPS,"United Parcel Service, Inc.",111539214836,130.37,1.04%,89739000000
109,CB,Chubb Limited,111348446440,275.66,-0.36%,53574000000
110,KLAC,KLA Corporation,110818144800,823.07,8.46%,9598649000
111,RIO,Rio Tinto Group,109862688160,65.16,2.57%,54041000000
112,KKR,KKR & Co. Inc.,109549776900,123.45,2.88%,21028568000
113,MMC,"Marsh & McLennan Companies, Inc.",109450132920,222.57,0.07%,23630000000
114,BSX,Boston Scientific Corporation,108616898400,73.88,-0.20%,14707000000
115,ANET,"Arista Networks, Inc.",108595947650,346.55,11.28%,6311667000
116,ADP,"Automatic Data Processing, Inc.",107488002420,262.62,1.89%,18912000000
117,SONY,Sony Group Corporation,107090869564,88.59,0.24%,86002430647
118,PANW,"Palo Alto Networks, Inc.",105147574000,324.73,2.27%,7791300000
119,TD,The Toronto-Dominion Bank,103851479000,59.03,-0.02%,36855474453
120,MDT,Medtronic plc,102991926400,80.32,-0.61%,32364000000
121,AMT,American Tower Corporation,102921290000,220.40,-1.19%,11339700000
122,DE,Deere & Company,102506528600,371.98,0.06%,58633000000
123,IBN,ICICI Bank Limited,102443038700,29.11,0.80%,22649489173
124,CI,Cigna Corporation,99048081580,348.67,-1.16%,206003000000
125,BP,BP p.l.c.,97484373860,35.39,1.67%,204813000000
126,UBS,UBS Group AG,96770011768,30.18,0.57%,40834000000
127,BMY,Bristol-Myers Squibb Company,96423144000,47.56,-3.04%,46509000000
128,GILD,"Gilead Sciences, Inc.",94759351000,76.06,-2.55%,27450000000
129,FI,"Fiserv, Inc.",94171338250,163.57,0.28%,19780000000
130,SMFG,"Sumitomo Mitsui Financial Group, Inc.",93696614502,14.48,6.00%,26083705416
131,HCA,"HCA Healthcare, Inc.",93693765700,363.05,0.47%,66716000000
132,INFY,Infosys Limited,91884423878,22.13,-2.12%,18562000000
133,MDLZ,"Mondelez International, Inc.",91681956000,68.35,1.94%,35976000000
134,SO,The Southern Company,91323273600,83.52,0.17%,25419000000
135,PBR,Petróleo Brasileiro S.A. - Petrobras,90709165211,14.27,1.49%,102409000000
136,PBR-A,Petróleo Brasileiro S.A. - Petrobras,90404721047,13.16,1.15%,102409000000
137,ABNB,"Airbnb, Inc.",89863586535,139.56,0.41%,10241000000
138,SHW,The Sherwin-Williams Company,88492106400,350.80,-0.30%,23007700000
139,SBUX,Starbucks Corporation,88293965000,77.95,2.65%,36475800000
140,RELX,RELX PLC,87911406672,47.23,-0.27%,11596202532
141,ICE,"Intercontinental Exchange, Inc.",86932542600,151.56,0.17%,10232000000
142,SNPS,"Synopsys, Inc.",85543557120,558.32,6.17%,6190358000
143,MELI,"MercadoLibre, Inc.",84608890860,1668.90,2.63%,15769000000
144,DUK,Duke Energy Corporation,84331198630,109.27,-0.57%,29455000000
145,MO,"Altria Group, Inc.",84181046300,49.01,-3.05%,24340000000
146,SCCO,Southern Copper Corporation,83279147770,106.61,5.40%,9701700000
147,MCO,Moody's Corporation,83125008000,456.48,-0.34%,6555000000
148,ZTS,Zoetis Inc.,82151351800,180.04,-0.98%,8734000000
149,GD,General Dynamics Corporation,82078936380,298.71,1.95%,44946000000
150,WM,"Waste Management, Inc.",81330497900,202.66,0.78%,20976000000
151,CL,Colgate-Palmolive Company,81046859530,99.19,-1.29%,19988000000
152,DELL,Dell Technologies Inc.,80406840852,113.68,4.67%,89747000000
153,BN,Brookfield Corporation,80095275000,48.75,1.88%,95534000000
154,MCK,McKesson Corporation,80034281220,617.02,1.20%,308951000000
155,ENB,Enbridge Inc.,79850163763,37.42,0.56%,31332352941
156,GSK,GSK plc,79054743900,38.77,-2.51%,39410256410
157,SHOP,Shopify Inc.,78867632099,61.20,3.38%,7413000000
158,BTI,British American Tobacco p.l.c.,78838817068,35.64,-0.42%,33141772152
159,CP,Canadian Pacific Railway Limited,78179333100,83.82,2.07%,10153676471
160,APH,Amphenol Corporation,77387675400,64.26,3.75%,13392700000
161,CTAS,Cintas Corporation,76981469860,763.94,-0.29%,9596615000
162,CNQ,Canadian Natural Resources Limited,75739510800,35.48,3.80%,26163235294
163,CVS,CVS Health Corporation,75736472100,60.33,-4.51%,360935000000
164,TT,Trane Technologies plc,75664946560,334.28,1.66%,18227200000
165,EQIX,"Equinix, Inc.",74998280368,790.24,2.79%,8316927000
166,CMG,"Chipotle Mexican Grill, Inc.",74390153600,54.32,3.33%,10663233000
167,RACE,Ferrari N.V.,74389555520,413.01,0.67%,6658444565
168,FDX,FedEx Corporation,73840279500,302.25,0.46%,87693000000
169,ITW,Illinois Tool Works Inc.,73788352000,247.28,-0.83%,16061000000
170,SAN,"Banco Santander, S.A.",73702948986,4.85,-1.02%,105220778349
171,CDNS,"Cadence Design Systems, Inc.",73290661200,267.66,5.75%,4161501000
172,TRI,Thomson Reuters Corporation,72949979520,161.92,0.80%,6941000000
173,EOG,"EOG Resources, Inc.",72873354800,126.80,0.52%,24265000000
174,CNI,Canadian National Railway Company,72864625000,115.75,0.49%,12435036496
175,EQNR,Equinor ASA,72625890796,26.56,2.43%,107174000000
176,TDG,TransDigm Group Incorporated,72422609870,1294.22,2.38%,7304000000
177,PH,Parker-Hannifin Corporation,72132067560,561.16,1.81%,19838734000
178,PNC,"The PNC Financial Services Group, Inc.",72060957700,181.10,-0.48%,21032000000
179,AON,Aon plc,71366169420,328.51,-0.07%,14158000000
180,APO,"Apollo Global Management, Inc.",71301891240,125.31,2.18%,34383000000
181,NOC,Northrop Grumman Corporation,70829378400,484.32,-0.50%,40764000000
182,MMM,3M Company,70070102700,127.55,0.63%,30583000000
183,USB,U.S. Bancorp,70033444800,44.88,-1.30%,25156000000
184,CME,CME Group Inc.,69747610020,193.71,-1.77%,5625200000
185,BDX,"Becton, Dickinson and Company",69667786360,241.06,-0.28%,19716000000
186,TGT,Target Corporation,69585231170,150.41,1.66%,106621000000
187,DEO,Diageo plc,69240928125,124.75,-0.51%,17113000000
188,PYPL,"PayPal Holdings, Inc.",68809169000,65.78,2.78%,31028000000
189,CSX,CSX Corporation,68618043000,35.10,0.23%,14632000000
190,SLB,Schlumberger Limited,68564073600,48.29,1.43%,35146000000
191,SPOT,Spotify Technology S.A.,67276703220,343.94,4.11%,15560215054
192,NXPI,NXP Semiconductors N.V.,67035536280,263.16,4.56%,13109000000
193,EMR,Emerson Electric Co.,66998631000,117.11,1.22%,16529000000
194,MSI,"Motorola Solutions, Inc.",66534670040,398.92,0.91%,10197000000
195,WELL,Welltower Inc.,66518155000,111.25,-0.88%,7096413000
196,ORLY,"O'Reilly Automotive, Inc.",66334780594,1126.34,-1.28%,16080626000
197,ECL,Ecolab Inc.,65878143300,230.69,0.80%,15500500000
198,FCX,Freeport-McMoRan Inc.,65231010900,45.41,3.56%,23787000000
199,MAR,"Marriott International, Inc.",64921880600,227.30,-4.80%,24439000000
200,NGG,National Grid plc,62978219800,64.45,0.78%,25448717949
201,EPD,Enterprise Products Partners L.P.,62671221600,28.86,-0.60%,52031000000
202,MPC,Marathon Petroleum Corporation,62369456600,177.02,-0.71%,148441000000
203,AJG,Arthur J. Gallagher & Co.,62112659000,283.49,-0.53%,10956000000
204,PSX,Phillips 66,61676536960,145.48,-1.15%,151237000000
205,CARR,Carrier Global Corporation,61486438720,68.11,1.01%,23704000000
206,BMO,Bank of Montreal,61176692520,84.33,2.22%,23111594203
207,RSG,"Republic Services, Inc.",61029693760,194.32,1.02%,15567200000
208,BBVA,"Banco Bilbao Vizcaya Argentaria, S.A.",60618596600,10.54,-3.66%,35665911288
209,WDAY,"Workday, Inc.",60186801136,227.12,0.28%,7564688000
210,CEG,Constellation Energy Corporation,59831576428,189.80,12.51%,23514000000
211,TFC,Truist Financial Corporation,59799689000,44.69,-0.56%,19999000000
212,ING,ING Groep N.V.,59435108780,18.13,-0.11%,24419232730
213,ITUB,Itaú Unibanco Holding S.A.,59008751010,6.02,-1.79%,25570020534
214,DHI,"D.R. Horton, Inc.",58664377200,179.93,-0.28%,37302900000
215,APD,"Air Products and Chemicals, Inc.",58655438100,263.85,-0.14%,12152800000
216,CRH,CRH plc,58638262470,85.70,1.95%,
217,MFG,"Mizuho Financial Group, Inc.",58547185505,4.62,6.94%,25769597094
218,ROP,"Roper Technologies, Inc.",58312763750,544.75,-0.01%,6388800000
219,NU,Nu Holdings Ltd.,57994604876,12.13,0.92%,9146210000
220,MRVL,"Marvell Technology, Inc.",57977888000,66.98,6.66%,5346900000
221,COF,Capital One Financial Corporation,57822990800,151.40,-0.56%,26972000000
222,BNS,The Bank of Nova Scotia,57384031900,46.67,0.67%,24015942029
223,NTES,"NetEase, Inc.",57347446514,92.11,0.50%,14621335139
224,PLTR,Palantir Technologies Inc.,57284842600,26.89,1.97%,2334164000
225,NSC,Norfolk Southern Corporation,56424517760,249.56,-0.06%,12092000000
226,CRWD,"CrowdStrike Holdings, Inc.",56374828654,231.96,-0.72%,3284011000
227,NEM,Newmont Corporation,56304390100,49.07,3.50%,14875000000
228,COIN,"Coinbase Global, Inc.",55088750423,224.36,-0.04%,3973424000
229,ET,Energy Transfer LP,54852840700,16.27,0.37%,81220000000
230,MET,"MetLife, Inc.",54649802550,76.85,0.13%,67574000000
231,CHTR,"Charter Communications, Inc.",54201612520,379.72,-0.87%,54659000000
232,AFL,Aflac Incorporated,54197014360,95.38,0.02%,19336000000
233,OXY,Occidental Petroleum Corporation,53925262340,60.82,0.91%,27670000000
234,HLT,Hilton Worldwide Holdings Inc.,53677374820,214.67,-1.87%,10515000000
235,MNST,Monster Beverage Corporation,53597008500,51.45,-0.23%,7340195000
236,AZO,"AutoZone, Inc.",53532199532,3133.69,0.81%,17975506000
237,ADSK,"Autodesk, Inc.",53342787680,247.52,1.72%,5645000000
238,AIG,"American International Group, Inc.",52582415640,79.23,0.28%,48396000000
239,WMB,"The Williams Companies, Inc.",52333125000,42.94,-0.02%,10597000000
240,PSA,Public Storage,52000542000,295.92,-2.78%,4634119000
241,AMX,"América Móvil, SAB de CV",51986660000,16.72,1.39%,43721511182
242,HMC,"Honda Motor Co., Ltd.",51918411403,32.30,2.12%,134932642008
243,VLO,Valero Energy Corporation,51812015320,161.72,-1.08%,140067000000
244,AEP,"American Electric Power Company, Inc.",51721210542,98.12,-0.02%,19523800000
245,PCAR,PACCAR Inc,51712145700,98.66,1.66%,35398400000
246,SU,Suncor Energy Inc.,51293607200,39.92,3.93%,37513970588
247,SRE,Sempra,50665650760,80.06,-0.20%,13800000000
248,CPRT,"Copart, Inc.",50357054340,52.33,1.18%,4165415000
249,E,Eni S.p.A.,50116178991,32.05,0.91%,105351111111
250,URI,"United Rentals, Inc.",50071489890,757.10,2.72%,14751000000
251,SPG,"Simon Property Group, Inc.",50011619840,153.44,-0.88%,5750577000
252,O,Realty Income Corporation,50008550820,57.43,-1.61%,4395079000
253,GM,General Motors Company,49812134400,44.32,0.20%,178093000000
254,TRV,"The Travelers Companies, Inc.",49333385640,216.44,-1.81%,44073000000
255,GEV,GE Vernova Inc.,48980713827,178.24,9.55%,
256,DLR,"Digital Realty Trust, Inc.",48716548650,149.49,3.07%,5469481000
257,BK,The Bank of New York Mellon Corporation,48660387120,65.07,-0.26%,17713000000
258,OKE,"ONEOK, Inc.",48635304510,83.33,0.65%,17937000000
259,CM,Canadian Imperial Bank of Commerce,48447331230,51.69,0.80%,17450724638
260,JCI,Johnson Controls International plc,48194781040,71.54,3.64%,26930000000
261,LEN,Lennar Corporation,48181877673,176.93,-1.95%,35776308000
262,STLA,Stellantis N.V.,48123943096,16.69,-0.36%,189454838710
263,GWW,"W.W. Grainger, Inc.",47930894528,976.81,1.08%,16622000000
264,CCI,Crown Castle Inc.,47884800000,110.08,0.60%,6849000000
265,MFC,Manulife Financial Corporation,47820023600,26.63,2.03%,24930147059
266,ROST,"Ross Stores, Inc.",47777947250,143.23,0.34%,20740322000
267,PCG,PG&E Corporation,47740514067,18.25,-0.44%,24776000000
268,MCHP,Microchip Technology Incorporated,47630913900,88.78,2.59%,7634400000
269,COR,Cencora,47445641760,237.88,2.96%,276536514000
270,HES,Hess Corporation,47270082780,153.42,1.14%,11533000000
271,TEL,TE Connectivity Ltd.,47260321570,154.33,0.90%,15812000000
272,LYG,Lloyds Banking Group plc,47169361138,3.03,0.66%,61649367089
273,KMI,"Kinder Morgan, Inc.",46967130100,21.13,-1.41%,15359000000
274,KDP,Keurig Dr Pepper Inc.,46486765200,34.28,0.47%,15062000000
275,ALC,Alcon Inc.,46370200000,94.00,0.62%,9562000000
276,VALE,Vale S.A.,46339324046,10.85,1.50%,41784000000
277,PAYX,"Paychex, Inc.",46103458540,128.02,0.08%,5278300000
278,TEAM,Atlassian Corporation,45939917975,176.57,1.26%,4166111000
279,WCN,"Waste Connections, Inc.",45871237312,177.77,0.80%,8421172000
280,MRNA,"Moderna, Inc.",45689872800,119.22,0.32%,5153000000
281,ODFL,"Old Dominion Freight Line, Inc.",45668961300,210.18,2.51%,5884089000
282,KMB,Kimberly-Clark Corporation,45485380200,135.05,-0.98%,20280000000
283,DASH,"DoorDash, Inc.",45275004250,110.72,3.27%,9113000000
284,ALL,The Allstate Corporation,45161134800,171.12,-1.42%,58567000000
285,PRU,"Prudential Financial, Inc.",44989880000,125.32,-0.51%,60443000000
286,FERG,Ferguson plc,44962003342,222.65,1.79%,29359000000
287,IQV,IQVIA Holdings Inc.,44887729000,246.23,0.27%,15155000000
288,D,"Dominion Energy, Inc.",44810760060,53.46,0.47%,14770000000
289,STZ,"Constellation Brands, Inc.",44666190720,245.16,0.76%,10108700000
290,FTNT,"Fortinet, Inc.",44338961520,58.04,0.94%,5395800000
291,TRP,TC Energy Corporation,43999950900,42.41,1.12%,11947794118
292,TTD,"The Trade Desk, Inc.",43962745995,89.88,0.04%,2054570000
293,BCS,Barclays PLC,43830436000,11.92,-0.58%,32171794872
294,TAK,Takeda Pharmaceutical Company Limited,43792371600,13.88,1.68%,28162232497
295,SNOW,Snowflake Inc.,43651224000,130.38,1.16%,3011599000
296,HUM,Humana Inc.,43574366610,361.61,-10.61%,109243000000
297,MPLX,MPLX LP,43513684000,42.82,-0.67%,11414000000
298,LHX,"L3Harris Technologies, Inc.",43042167450,226.89,-0.37%,20765000000
299,KHC,The Kraft Heinz Company,42755503000,35.21,4.05%,26562000000
300,FIS,"Fidelity National Information Services, Inc.",42736764330,76.83,0.12%,11212000000
301,AMP,"Ameriprise Financial, Inc.",42716659743,430.07,-0.42%,15939000000
302,MSCI,MSCI Inc.,42530774000,540.76,-1.01%,2703459000
303,F,Ford Motor Company,42245608000,10.82,-0.18%,180348000000
304,MPWR,"Monolithic Power Systems, Inc.",42008316480,863.09,10.39%,1827892000
305,LNG,"Cheniere Energy, Inc.",41808487680,182.64,0.42%,17337000000
306,HLN,Haleon plc,41780277075,9.15,0.55%,14306329114
307,A,"Agilent Technologies, Inc.",41255005400,141.40,1.37%,6591000000
308,SMCI,"Super Micro Computer, Inc.",41086168225,701.65,5.30%,11819523000
309,FAST,Fastenal Company,40514704500,70.75,-0.20%,7415800000
310,IR,Ingersoll Rand Inc.,40504572800,100.40,1.55%,6916900000
311,CNC,Centene Corporation,40462227600,76.92,-0.23%,157745000000
312,RCL,Royal Caribbean Cruises Ltd.,40342862400,156.72,-0.14%,15329872000
313,AME,"AMETEK, Inc.",40155415600,173.48,0.66%,6736013000
314,EA,Electronic Arts Inc.,40110040900,150.94,1.22%,7562000000
315,HSY,The Hershey Company,39936274946,197.48,1.81%,11430127000
316,CMI,Cummins Inc.,39912404000,291.80,0.95%,34015000000
317,PEG,Public Service Enterprise Group Incorporated,39731841600,79.77,2.27%,10244000000
318,NWG,NatWest Group plc,39552840000,9.54,0.53%,17922784810
319,FICO,Fair Isaac Corporation,39537440000,1600.00,0.72%,1604289000
320,KR,The Kroger Co.,39337609500,54.50,-0.37%,150143000000
321,IDXX,"IDEXX Laboratories, Inc.",39321465276,476.12,0.30%,3724853000
322,CTVA,"Corteva, Inc.",39100353600,56.10,1.03%,16834000000
323,NUE,Nucor Corporation,39066820280,162.94,2.20%,34140604000
324,HWM,Howmet Aerospace Inc.,39063113100,95.70,2.01%,7093000000
325,NDAQ,"Nasdaq, Inc.",39019753440,67.68,-2.13%,6205000000
326,DDOG,"Datadog, Inc.",38949041320,116.44,1.53%,2257898000
327,IT,"Gartner, Inc.",38907630295,501.19,0.49%,6062888000
328,PWR,"Quanta Services, Inc.",38848447440,265.38,5.48%,21485199000
329,GEHC,GE HealthCare Technologies Inc.,38630663417,84.63,2.40%,19495000000
330,BKR,Baker Hughes Company,38465377280,38.72,1.26%,27033000000
331,AEM,Agnico Eagle Mines Limited,38445555353,77.17,2.67%,6947071000
332,IMO,Imperial Oil Limited,38344495720,71.56,2.74%,37596323529
333,SQ,"Block, Inc.",38182805490,61.88,2.98%,22882620000
334,DOW,Dow Inc.,38179166870,54.47,1.45%,43031000000
335,SYY,Sysco Corporation,38170320300,76.65,0.27%,78016112000
336,EW,Edwards Lifesciences Corporation,37993930000,63.05,-0.93%,6143400000
337,BSBR,Banco Santander (Brasil) S.A.,37877412219,5.07,-0.98%,65864310000
338,OTIS,Otis Worldwide Corporation,37852447500,94.50,0.72%,14181000000
339,CTSH,Cognizant Technology Solutions Corporation,37628020320,75.68,-0.18%,19301000000
340,GIS,"General Mills, Inc.",37473922440,67.14,-1.34%,19857200000
341,CVE,Cenovus Energy Inc.,37446832500,20.13,2.91%,39219852941
342,YUM,"Yum! Brands, Inc.",37409178560,132.83,0.50%,7029000000
343,VRSK,"Verisk Analytics, Inc.",37345181250,261.75,-8.48%,2733800000
344,EXC,Exelon Corporation,37201116000,37.20,-0.05%,22208000000
345,SE,Sea Limited,37190913712,65.70,1.01%,13756785000
346,JD,"JD.com, Inc.",37147487650,26.39,0.11%,153021527778
347,CPNG,"Coupang, Inc.",37118523873,20.75,2.07%,25696470000
348,MLM,"Martin Marietta Materials, Inc.",36574212670,593.35,1.42%,6674100000
349,VMC,Vulcan Materials Company,36304496520,274.51,1.67%,7678700000
350,DFS,Discover Financial Services,36083750010,143.99,-0.50%,9915000000
351,FANG,"Diamondback Energy, Inc.",36080774640,202.31,2.14%,8714000000
352,ACGL,Arch Capital Group Ltd.,35964815320,95.78,-2.46%,14407000000
353,EL,The Estée Lauder Companies Inc.,35716555259,99.61,0.17%,15346000000
354,KVUE,Kenvue Inc.,35404923803,18.49,-1.39%,15486000000
355,HPQ,HP Inc.,35316230400,36.09,1.60%,52998000000
356,FLUT,Flutter Entertainment plc,35074426800,197.40,2.48%,
357,DD,"DuPont de Nemours, Inc.",34995304800,83.70,4.09%,11981000000
358,WDS,Woodside Energy Group Ltd,34594149492,18.24,3.81%,13994000000
359,EFX,Equifax Inc.,34568126320,279.37,0.40%,5465500000
360,CBRE,"CBRE Group, Inc.",34537838010,112.71,0.63%,33144021000
361,GLW,Corning Incorporated,34273326190,40.01,0.68%,12385000000
362,CCEP,Coca-Cola Europacific Partners PLC,33849069420,73.77,0.74%,20335555556
363,EXR,Extra Space Storage Inc.,33795544500,159.62,-2.13%,2856733000
364,ED,"Consolidated Edison, Inc.",33725829200,97.52,-0.65%,14540000000
365,ON,ON Semiconductor Corporation,33518857000,78.25,5.79%,7796800000
366,GRMN,Garmin Ltd.,32893357500,171.25,-4.51%,5462476000
367,VICI,VICI Properties Inc.,32609806800,31.26,-0.51%,3685822000
368,GOLD,Barrick Gold Corporation,32503560000,18.51,2.04%,11501000000
369,HIG,"The Hartford Financial Services Group, Inc.",32501112880,110.92,-0.77%,25473000000
370,MTD,Mettler-Toledo International Inc.,32485246122,1521.03,0.76%,3785520000
371,ABEV,Ambev S.A.,32440235220,2.06,-1.44%,16373080082
372,LYB,LyondellBasell Industries N.V.,32386364120,99.46,1.22%,40785000000
373,XEL,Xcel Energy Inc.,32382640920,58.28,-0.60%,13775000000
374,XYL,Xylem Inc.,32366674500,133.50,0.01%,8396000000
375,RKT,"Rocket Companies, Inc.",32191478168,16.19,0.25%,4516917000
376,BIDU,"Baidu, Inc.",32183864683,88.57,-0.19%,18745416667
377,WIT,Wipro Limited,32183457522,6.16,,
378,CSGP,"CoStar Group, Inc.",31973922340,78.02,-0.59%,2598928000
379,ROK,"Rockwell Automation, Inc.",31766935950,278.65,1.17%,8979700000
380,RMD,ResMed Inc.,31327917750,213.25,2.50%,4584159000
381,BIIB,Biogen Inc.,31041280400,213.20,0.62%,9663100000
382,VEEV,Veeva Systems Inc.,31025868360,191.93,-0.88%,2487693000
383,LULU,Lululemon Athletica Inc.,31009712760,258.66,1.04%,9827377000
384,EIX,Edison International,30898021770,80.01,0.79%,16822000000
385,ARGX,argenx SE,30847117281,515.87,1.31%,35896000
386,BCE,BCE Inc.,30771305590,33.73,0.51%,18110294118
387,ADM,Archer-Daniels-Midland Company,30660100380,62.01,-0.78%,88768000000
388,FCNCO,"First Citizens BancShares, Inc.",30626577422,22.41,-0.40%,9466000000
389,HAL,Halliburton Company,30616509720,34.68,1.11%,23180000000
390,DB,Deutsche Bank Aktiengesellschaft,30306212000,15.56,-1.46%,32944444444
391,STM,ST Microelectronics,30205737140,33.76,3.59%,15410000000
392,FCNCA,"First Citizens BancShares, Inc.",30142498284,2087.69,-1.92%,9466000000
393,IRM,Iron Mountain Incorporated,30063720480,102.56,1.25%,5642803000
394,ALNY,"Alnylam Pharmaceuticals, Inc.",30036790320,237.46,1.56%,2003335000
395,TRGP,Targa Resources Corp.,29993875760,135.28,1.42%,16102200000
396,ARES,Ares Management Corporation,29980320800,153.20,2.42%,3525885000
397,FWONK,Formula One Group - Series C,29749347600,80.87,-0.60%,
398,PPG,"PPG Industries, Inc.",29624434000,126.98,-0.18%,18099000000
399,FWONA,Formula One Group - Series A,29569364368,73.97,-0.75%,12718000000
400,ORAN,Orange S.A.,29532118893,11.11,0.36%,49024444444
401,FER,Ferrovial SE,29526848560,39.82,-6.39%,9461111111
402,VRT,Vertiv Holdings Co,29524147600,78.70,7.76%,7199900000
403,DVN,Devon Energy Corporation,29514711160,47.03,1.86%,15031000000
404,CDW,CDW Corporation,29313547780,218.11,-6.18%,21145600000
405,LVS,Las Vegas Sands Corp.,29214257440,39.67,0.51%,11430000000
406,HEI,HEICO Corporation,29160969327,241.34,1.12%,3511107000
407,AVB,"AvalonBay Communities, Inc.",29136755120,204.92,-0.59%,2806059000
408,HEI-A,HEICO Corporation,29120089364,190.11,1.27%,3511107000
409,FITB,Fifth Third Bancorp,28962465300,42.34,0.19%,8145000000
410,SLF,Sun Life Financial Inc.,28835911720,49.61,-0.62%,23076470588
411,CHT,"Chunghwa Telecom Co., Ltd.",28818926750,37.15,1.45%,7000048953
412,MTB,M&T Bank Corporation,28727253180,172.17,-0.83%,8772603000
413,WTW,Willis Towers Watson PLC,28667227680,282.28,-0.75%,9686000000
414,MSTR,MicroStrategy Incorporated,28635976128,1614.44,0.65%,489592000
415,TSCO,Tractor Supply Company,28388529200,263.32,0.60%,14651350000
416,BRO,"Brown & Brown, Inc.",28363501230,99.43,-0.41%,4529900000
417,GFS,GLOBALFOUNDRIES Inc.,28336322803,51.01,3.01%,7100000000
418,WAB,Westinghouse Air Brake Technologies Corporation,28230740450,161.15,1.11%,10217000000
419,IX,ORIX Corporation,27918075865,120.94,3.55%,18588910172
420,EBAY,eBay Inc.,27916220000,55.61,0.38%,10158000000
421,DAL,"Delta Air Lines, Inc.",27765925380,43.02,-0.49%,60117000000
422,AWK,"American Water Works Company, Inc.",27735002280,142.36,-0.91%,4307000000
423,VST,Vistra Corp.,27525781200,79.22,14.81%,13407000000
424,PHM,"PulteGroup, Inc.",27393168000,132.00,-0.89%,16846000000
425,TCOM,Trip.com Group Limited,27393118439,42.53,1.33%,6557916667
426,ANSS,"ANSYS, Inc.",27379899000,313.63,3.02%,2227107000
427,OWL,Blue Owl Capital Inc.,27248575157,19.07,0.05%,1853962000
428,ICLR,ICON PLC,27200284104,328.44,-0.63%,8331892000
429,WEC,"WEC Energy Group, Inc.",27179727380,86.06,0.54%,8685100000
430,DXCM,"DexCom, Inc.",27177305140,67.82,-2.70%,3934800000
431,ZS,"Zscaler, Inc.",27108573150,179.35,1.47%,2029909000
432,WPM,Wheaton Precious Metals Corp.,27090164160,59.76,1.49%,1098387000
433,NVR,"NVR, Inc.",26961812128,8607.48,-0.63%,9469449000
434,RBLX,Roblox Corporation,26572799253,41.52,1.19%,2945230000
435,TW,Tradeweb Markets Inc.,26546031672,111.68,1.42%,1512047000
436,DG,Dollar General Corporation,26473159050,120.39,0.33%,39262798000
437,EQR,Equity Residential,26387820360,69.63,0.09%,2899694000
438,TTWO,"Take-Two Interactive Software, Inc.",26343352120,150.53,0.35%,5349600000
439,VLTO,Veralto Corporation,26331657984,106.56,-0.47%,5077000000
440,NET,"Cloudflare, Inc.",26331124100,77.50,1.93%,1385172000
441,PHG,Koninklijke Philips N.V.,26280193618,28.18,-0.84%,20187777778
442,NTAP,"NetApp, Inc.",26102643700,126.98,3.60%,6268000000
443,GIB,CGI Inc.,26070000066,113.97,4.83%,
444,GPN,Global Payments Inc.,25943610000,101.64,-0.18%,9782159000
445,HPE,Hewlett Packard Enterprise Company,25876429700,19.91,4.73%,28312000000
446,CQP,"Cheniere Energy Partners, L.P.",25489598639,52.66,-2.14%,9042000000
447,STT,State Street Corporation,25425658070,84.97,-0.85%,11982000000
448,TROW,"T. Rowe Price Group, Inc.",25422917580,114.21,1.34%,6796200000
449,IFF,International Flavors & Fragrances Inc.,25402317480,99.48,-0.16%,11351000000
450,APP,AppLovin Corporation,25366955036,77.10,3.03%,3625797000
451,HUBS,"HubSpot, Inc.",25329841672,497.03,1.85%,2286024000
452,DOV,Dover Corporation,25328011080,184.26,-0.14%,8531228000
453,NTR,Nutrien Ltd.,25324953600,51.20,0.89%,28338000000
454,BR,"Broadridge Financial Solutions, Inc.",25290520000,214.00,-0.65%,6401600000
455,TEF,"Telefónica, S.A.",25238134761,4.54,-0.44%,45168888889
456,FTV,Fortive Corporation,25172072700,71.85,0.91%,6155100000
457,TECK,Teck Resources Limited,25093120000,49.01,3.35%,11363503650
458,KSPI,Kaspi.kz JSC,24979624670,130.13,0.49%,4363178674
459,KB,KB Financial Group Inc.,24960024333,65.21,0.38%,11312794935
460,DTE,DTE Energy Company,24952120600,120.53,-0.08%,12397000000
461,VOD,Vodafone Group PLC,24900033600,9.36,-0.69%,39909782609
462,FNV,Franco-Nevada Corporation,24799910720,128.96,1.45%,1199500000
463,ETR,Entergy Corporation,24763885890,115.97,-0.32%,11960981000
464,CAH,"Cardinal Health, Inc.",24558860610,100.83,0.57%,220572000000
465,KEYS,"Keysight Technologies, Inc.",24360408230,139.57,2.66%,5168000000
466,FE,FirstEnergy Corp.,24119875560,41.91,0.26%,13200000000
467,TYL,"Tyler Technologies, Inc.",24119280483,568.11,-1.12%,1992256000
468,RJF,"Raymond James Financial, Inc.",24044132000,116.00,0.42%,12091000000
469,PUK,Prudential plc,24017004593,18.20,2.77%,10831000000
470,CHD,"Church & Dwight Co., Inc.",23965699230,98.01,-1.43%,5941400000
471,TU,TELUS Corporation,23919480000,16.14,0.94%,14767647059
472,FMX,"Fomento Económico Mexicano, SAB de CV",23686661250,110.25,1.89%,41432311321
473,STE,STERIS plc,23602190032,238.76,0.64%,5138701000
474,SBAC,SBA Communications Corporation,23588036220,219.54,0.73%,2693930000
475,TME,Tencent Music Entertainment Group,23463585409,14.18,2.01%,3821666667
476,DECK,Deckers Outdoor Corporation,23444581878,922.63,1.25%,4287763000
477,SW,Smurfit WestRock plc,23213216596,44.84,-4.07%,
478,ROL,"Rollins, Inc.",23203483740,47.91,-0.13%,3234782000
479,FSLR,"First Solar, Inc.",23119785590,215.99,2.42%,3764233000
480,WY,Weyerhaeuser Company,23099524400,31.76,,7531000000
481,ZBH,"Zimmer Biomet Holdings, Inc.",22907812800,111.35,-0.02%,7452500000
482,ES,Eversource Energy,22864872050,64.91,-1.59%,11447637000
483,AXON,"Axon Enterprise, Inc.",22640914672,300.01,-1.55%,1681084000
484,PBA,Pembina Pipeline Corporation,22451069680,38.74,0.86%,6152941176
485,DLTR,"Dollar Tree, Inc.",22427256960,104.34,-0.94%,30912800000
486,BBD,Banco Bradesco S.A.,22302110438,2.22,,15054917659
487,WST,"West Pharmaceutical Services, Inc.",22210061672,306.17,2.29%,2876900000
488,ERIC,Telefonaktiebolaget LM Ericsson (publ),22144202583,6.89,0.29%,26126091270
489,QSR,Restaurant Brands International Inc.,22143576180,69.99,1.30%,7171000000
490,LYV,"Live Nation Entertainment, Inc.",22099075360,96.19,1.66%,23813905000
491,SHG,"Shinhan Financial Group Co., Ltd.",22071723458,43.33,1.00%,14052720815
492,EC,Ecopetrol S.A.,22038551200,10.72,2.49%,36965987789
493,VTR,"Ventas, Inc.",22035896560,54.44,-0.77%,4620496000
494,PPL,PPL Corporation,21925662520,29.72,-0.83%,8201000000
495,WDC,Western Digital Corporation,21893501250,67.05,6.13%,11911000000
496,SNAP,Snap Inc.,21858648977,13.32,1.76%,4812280000
497,PINS,"Pinterest, Inc.",21827279327,31.95,-14.46%,3338128000
498,HBAN,Huntington Bancshares Incorporated,21666287500,14.95,-1.32%,6769000000
499,ASX,"ASE Technology Holding Co., Ltd.",21641241090,10.02,3.51%,18063583282
500,INVH,Invitation Homes Inc.,21606190380,35.27,0.80%,2541506000